method,n_fixed_obs,n_grip_obs,n_sets,consistency_trans_rmse_mm,consistency_rot_rmse_deg,grip_align_trans_rmse_mm,cube_pos_err_vs_fk_mm,optimizer_cost,note
independent,42,5,1,405.1844911530032,78.32668463776562,161.3467363756248,0.0,,
unified_joint,42,5,1,62.257199532962545,77.45462025814994,158.12484300291564,8.925051257047041,43.08126652182838,
joint_fk_fixed,42,5,1,63.1304219130675,77.53420800205988,161.34647185700624,0.0,43.127419466252235,
