{
  "generated_by": "Step3_calibration.py",
  "root_folder": "data/session",
  "calib_dir": "data/session/calib_out_rollfix",
  "transforms": {
    "T_C0_C0": [
      [
        1.0,
        0.0,
        0.0,
        0.0
      ],
      [
        0.0,
        1.0,
        0.0,
        0.0
      ],
      [
        0.0,
        0.0,
        1.0,
        0.0
      ],
      [
        0.0,
        0.0,
        0.0,
        1.0
      ]
    ],
    "T_C0_C1": [
      [
        -0.5365008471614957,
        -0.12557567483200174,
        0.8345043983619769,
        -0.48468072273214585
      ],
      [
        0.13253955420689106,
        0.9640562383418102,
        0.23027990768818207,
        -0.12222177528676144
      ],
      [
        -0.8334267259727374,
        0.23415020650156693,
        -0.5005732446202428,
        0.8189046632176643
      ],
      [
        0.0,
        0.0,
        0.0,
        1.0
      ]
    ],
    "T_C0_C3": [
      [
        -0.5839388795851178,
        0.22486289151539895,
        -0.7800333742399811,
        0.5705262590864026
      ],
      [
        -0.05244075392999604,
        0.9484161744079672,
        0.31266072258697586,
        -0.18823932226828086
      ],
      [
        0.8101020628514224,
        0.22348029027341523,
        -0.5420250987022464,
        0.807737477576758
      ],
      [
        0.0,
        0.0,
        0.0,
        1.0
      ]
    ],
    "T_gripper_cam": [
      [
        0.9998220596821445,
        -0.016605777173143065,
        0.008949700410092106,
        -0.03463038606766335
      ],
      [
        0.008963918069870838,
        0.0007819521531556295,
        -0.9999595175424187,
        -0.05024074250773353
      ],
      [
        0.016598106692967275,
        0.9998618088092506,
        0.0009306658384075628,
        -0.09051168244944308
      ],
      [
        0.0,
        0.0,
        0.0,
        1.0
      ]
    ],
    "T_base_O": [
      [
        -0.9988642739184199,
        0.047593226432650466,
        0.002246572313205728,
        -0.26578622414818454
      ],
      [
        -0.047600298217257406,
        -0.9988613153602958,
        -0.003206912273096112,
        0.4486515645191937
      ],
      [
        0.002091386873857741,
        -0.0033102076112607147,
        0.9999923342838754,
        0.006963005442767242
      ],
      [
        0.0,
        0.0,
        0.0,
        1.0
      ]
    ],
    "T_base_C0": [
      [
        0.019459645728052078,
        0.19784220222532356,
        -0.9800407058927564,
        0.2533670362366582
      ],
      [
        0.9993066225794417,
        -0.03496960763880178,
        0.012782824823041421,
        0.4374322981800964
      ],
      [
        -0.03174265674147314,
        -0.9796099170385233,
        -0.19838551908536717,
        0.15598583187763362
      ],
      [
        0.0,
        0.0,
        0.0,
        1.0
      ]
    ],
    "T_base_C1": [
      [
        0.8366020297957627,
        -0.03819580184595668,
        0.5464779267847462,
        -0.5785678520311129
      ],
      [
        -0.5451412685465145,
        -0.15641590845048942,
        0.8236231303885929,
        -0.0328904311122611
      ],
      [
        0.05401889548210692,
        -0.9869524529099429,
        -0.15167997437348352,
        0.12755606902790206
      ],
      [
        0.0,
        0.0,
        0.0,
        1.0
      ]
    ],
    "T_base_C3": [
      [
        -0.8187485649423216,
        -0.030603998207900707,
        0.5733360120370767,
        -0.5605604838095546
      ],
      [
        -0.5678367102653814,
        0.1908651327737574,
        -0.8007071696733115,
        1.0259024698699162
      ],
      [
        -0.08492501327569812,
        -0.981139081060859,
        -0.17364862721938099,
        0.16072616226597589
      ],
      [
        0.0,
        0.0,
        0.0,
        1.0
      ]
    ]
  }
}