{
  "calibrated_at": "2026-07-03 00:21:36",
  "opencv": "4.9.0",
  "dist_model": "brown_conrady_fixk3 (k1,k2 only; k3=0)",
  "source": "offline recalibration from saved charuco_capture images (no re-shoot)",
  "board": {
    "squares_x": 11,
    "squares_y": 7,
    "square_length_m": 0.025,
    "marker_length_m": 0.018,
    "dictionary": "DICT_4X4_250",
    "marker_id_start": 5
  },
  "cameras": {
    "0": {
      "status": "written",
      "rms_px": 0.3205859828839034,
      "num_views_used": 16,
      "num_views_total": 20,
      "num_dropped": 4,
      "K": [
        [
          592.7854901233451,
          0.0,
          326.20473555892715
        ],
        [
          0.0,
          595.8820470313863,
          258.08153649105674
        ],
        [
          0.0,
          0.0,
          1.0
        ]
      ],
      "D": [
        0.07229848494623595,
        -0.18835530591955357,
        0.007459305314257316,
        0.006125817424154667,
        0.0
      ],
      "factory_K": [
        [
          607.2520141601562,
          0.0,
          318.9479064941406
        ],
        [
          0.0,
          606.2975463867188,
          241.1542205810547
        ],
        [
          0.0,
          0.0,
          1.0
        ]
      ]
    },
    "1": {
      "status": "written",
      "rms_px": 0.2351820248937906,
      "num_views_used": 17,
      "num_views_total": 20,
      "num_dropped": 3,
      "K": [
        [
          595.1881467664106,
          0.0,
          322.4482039318011
        ],
        [
          0.0,
          597.632698940292,
          249.40573301626893
        ],
        [
          0.0,
          0.0,
          1.0
        ]
      ],
      "D": [
        0.09137360584633653,
        -0.22002581949102348,
        -0.0018530705175234523,
        0.008084985753349667,
        0.0
      ],
      "factory_K": [
        [
          605.2404174804688,
          0.0,
          310.0553283691406
        ],
        [
          0.0,
          604.8180541992188,
          248.0302276611328
        ],
        [
          0.0,
          0.0,
          1.0
        ]
      ]
    },
    "2": {
      "status": "written",
      "rms_px": 0.25931010537484805,
      "num_views_used": 16,
      "num_views_total": 20,
      "num_dropped": 4,
      "K": [
        [
          602.505712740146,
          0.0,
          337.48635193882353
        ],
        [
          0.0,
          603.5226299692323,
          236.30303163376496
        ],
        [
          0.0,
          0.0,
          1.0
        ]
      ],
      "D": [
        0.08259217650484317,
        -0.19206941070133812,
        -0.002777808474249607,
        0.008814015415329772,
        0.0
      ],
      "factory_K": [
        [
          615.036865234375,
          0.0,
          326.3418884277344
        ],
        [
          0.0,
          615.1920776367188,
          237.27569580078125
        ],
        [
          0.0,
          0.0,
          1.0
        ]
      ]
    },
    "3": {
      "status": "written",
      "rms_px": 0.24371946937953298,
      "num_views_used": 16,
      "num_views_total": 20,
      "num_dropped": 4,
      "K": [
        [
          599.7109936755122,
          0.0,
          323.2067171068016
        ],
        [
          0.0,
          601.8827506376222,
          239.08938518185624
        ],
        [
          0.0,
          0.0,
          1.0
        ]
      ],
      "D": [
        0.12098402756660871,
        -0.29068529772425633,
        -0.0030993781820141298,
        0.00035732578430765205,
        0.0
      ],
      "factory_K": [
        [
          617.2885131835938,
          0.0,
          324.18182373046875
        ],
        [
          0.0,
          617.0167236328125,
          244.6223602294922
        ],
        [
          0.0,
          0.0,
          1.0
        ]
      ]
    }
  }
}