{
  "0": {
    "transform_key": "T_base_O_set0",
    "transform": [
      [
        0.1350402057948326,
        -0.9534541036943301,
        0.2696097456831477,
        -0.11285389484731735
      ],
      [
        0.9855218720048544,
        0.10109307160838525,
        -0.13611330086669812,
        0.2407090394867583
      ],
      [
        0.10252210795206923,
        0.2840870694368617,
        0.9533015023379748,
        0.019602157761099224
      ],
      [
        0.0,
        0.0,
        0.0,
        1.0
      ]
    ],
    "source": "fixed_translation+gripper_rotation",
    "support": 18,
    "events": [
      0,
      1,
      2,
      3,
      4,
      5,
      6,
      7,
      8,
      9,
      10,
      11,
      12,
      13,
      14,
      15,
      16,
      17
    ],
    "stability": {
      "num_frames": 18,
      "num_inliers": 18,
      "inlier_ratio": 1.0,
      "translation_std_mm": 44.6928586458945,
      "rotation_std_deg": 54.83290667173328
    },
    "fixed_support": 18,
    "gripper_support": 10,
    "fixed_stability": {
      "num_frames": 18,
      "num_inliers": 12,
      "inlier_ratio": 0.6666666666666666,
      "translation_std_mm": 32.05802062013878,
      "rotation_std_deg": 5.924596395351179
    },
    "gripper_stability": {
      "num_frames": 10,
      "num_inliers": 5,
      "inlier_ratio": 0.5,
      "translation_std_mm": 5.588179514448798,
      "rotation_std_deg": 1.037872178351459
    }
  },
  "1": {
    "transform_key": "T_base_O_set1",
    "transform": [
      [
        -0.2629471385887285,
        -0.9647974303897909,
        0.0049719836339079775,
        -0.0849643255907431
      ],
      [
        0.9647567482848701,
        -0.2628748025750874,
        0.011885066676808099,
        0.38520142864786666
      ],
      [
        -0.010159672573625739,
        0.007921899037778068,
        0.9999170088406497,
        0.016788773407019706
      ],
      [
        0.0,
        0.0,
        0.0,
        1.0
      ]
    ],
    "source": "fixed_translation+gripper_rotation",
    "support": 17,
    "events": [
      18,
      19,
      20,
      21,
      22,
      23,
      24,
      25,
      26,
      27,
      28,
      29,
      30,
      31,
      32,
      33,
      34
    ],
    "stability": {
      "num_frames": 17,
      "num_inliers": 9,
      "inlier_ratio": 0.5294117647058824,
      "translation_std_mm": 3.848475747806029,
      "rotation_std_deg": 0.4087136433650372
    },
    "fixed_support": 17,
    "gripper_support": 11,
    "fixed_stability": {
      "num_frames": 17,
      "num_inliers": 8,
      "inlier_ratio": 0.47058823529411764,
      "translation_std_mm": 0.0,
      "rotation_std_deg": 0.0
    },
    "gripper_stability": {
      "num_frames": 11,
      "num_inliers": 10,
      "inlier_ratio": 0.9090909090909091,
      "translation_std_mm": 3.81068809361505,
      "rotation_std_deg": 0.5373102628264547
    }
  },
  "2": {
    "transform_key": "T_base_O_set2",
    "transform": [
      [
        0.958309300462692,
        0.2855107789192797,
        -0.01126409195683986,
        -0.06065996724286081
      ],
      [
        -0.28553237117321006,
        0.9583690105305199,
        -0.00032352273035877365,
        0.46740498306964917
      ],
      [
        0.010702787436458482,
        0.0035262977269630014,
        0.9999365057669569,
        0.04329370435796123
      ],
      [
        0.0,
        0.0,
        0.0,
        1.0
      ]
    ],
    "source": "fixed_translation+gripper_rotation",
    "support": 16,
    "events": [
      35,
      36,
      37,
      38,
      39,
      40,
      41,
      42,
      43,
      44,
      45,
      46,
      47,
      48,
      49,
      50
    ],
    "stability": {
      "num_frames": 16,
      "num_inliers": 7,
      "inlier_ratio": 0.4375,
      "translation_std_mm": 11.693332441314578,
      "rotation_std_deg": 0.5023413888781872
    },
    "fixed_support": 16,
    "gripper_support": 10,
    "fixed_stability": {
      "num_frames": 16,
      "num_inliers": 7,
      "inlier_ratio": 0.4375,
      "translation_std_mm": 0.9763147881051386,
      "rotation_std_deg": 0.052513125378335745
    },
    "gripper_stability": {
      "num_frames": 10,
      "num_inliers": 5,
      "inlier_ratio": 0.5,
      "translation_std_mm": 3.6169658698821685,
      "rotation_std_deg": 0.4234572053099082
    }
  },
  "3": {
    "transform_key": "T_base_O_set3",
    "transform": [
      [
        -0.2523378730529442,
        -0.9674560014854543,
        -0.018827719269553997,
        -0.07462470577838999
      ],
      [
        0.9676184680298759,
        -0.25215736941992567,
        -0.01145257066075101,
        0.5776606087773835
      ],
      [
        0.006332310054992518,
        -0.021107966197624374,
        0.9997571483177138,
        0.006037675759339332
      ],
      [
        0.0,
        0.0,
        0.0,
        1.0
      ]
    ],
    "source": "fixed_translation+gripper_rotation",
    "support": 18,
    "events": [
      51,
      52,
      53,
      54,
      55,
      56,
      57,
      58,
      59,
      60,
      61,
      62,
      63,
      64,
      65,
      66,
      67,
      68
    ],
    "stability": {
      "num_frames": 18,
      "num_inliers": 6,
      "inlier_ratio": 0.3333333333333333,
      "translation_std_mm": 1.7115608230032624,
      "rotation_std_deg": 0.5412657718753168
    },
    "fixed_support": 18,
    "gripper_support": 9,
    "fixed_stability": {
      "num_frames": 18,
      "num_inliers": 9,
      "inlier_ratio": 0.5,
      "translation_std_mm": 2.1707359808054294,
      "rotation_std_deg": 0.5953524918617952
    },
    "gripper_stability": {
      "num_frames": 9,
      "num_inliers": 6,
      "inlier_ratio": 0.6666666666666666,
      "translation_std_mm": 3.611181748491184,
      "rotation_std_deg": 0.5412657718753168
    }
  },
  "4": {
    "transform_key": "T_base_O_set4",
    "transform": [
      [
        -0.9768512590011291,
        0.05006389920931492,
        -0.20797890225662136,
        -0.27733141716288784
      ],
      [
        -0.18900314684731967,
        -0.6573641462823405,
        0.7294862504970883,
        0.6235217093265623
      ],
      [
        -0.10019694740719429,
        0.7519082292264461,
        0.6516092284121141,
        0.027310700299473266
      ],
      [
        0.0,
        0.0,
        0.0,
        1.0
      ]
    ],
    "source": "fixed_translation+gripper_rotation",
    "support": 18,
    "events": [
      69,
      70,
      71,
      72,
      73,
      74,
      75,
      76,
      77,
      78,
      79,
      80,
      81,
      82,
      83,
      84,
      85,
      86
    ],
    "stability": {
      "num_frames": 18,
      "num_inliers": 18,
      "inlier_ratio": 1.0,
      "translation_std_mm": 24.068458408075223,
      "rotation_std_deg": 41.4348941389366
    },
    "fixed_support": 18,
    "gripper_support": 10,
    "fixed_stability": {
      "num_frames": 18,
      "num_inliers": 18,
      "inlier_ratio": 1.0,
      "translation_std_mm": 24.068458408075223,
      "rotation_std_deg": 42.39393407613162
    },
    "gripper_stability": {
      "num_frames": 10,
      "num_inliers": 10,
      "inlier_ratio": 1.0,
      "translation_std_mm": 49.945918000099034,
      "rotation_std_deg": 19.742855117153155
    }
  },
  "5": {
    "transform_key": "T_base_O_set5",
    "transform": [
      [
        0.17064952807509656,
        0.22887579026454782,
        -0.9583812452247417,
        -0.30077511882835467
      ],
      [
        -0.98378179437831,
        0.09411146947799652,
        -0.1526971262417377,
        0.6530416476510347
      ],
      [
        0.05524599186854941,
        0.968895713657291,
        0.24122391348908434,
        0.009200475698129719
      ],
      [
        0.0,
        0.0,
        0.0,
        1.0
      ]
    ],
    "source": "fixed_translation+gripper_rotation",
    "support": 16,