{
  "generated_by": "Step3_calibration.py",
  "root_folder": "data/session",
  "calib_dir": "data/session/calib_out",
  "transforms": {
    "T_C0_C0": [
      [
        1.0,
        0.0,
        0.0,
        0.0
      ],
      [
        0.0,
        1.0,
        0.0,
        0.0
      ],
      [
        0.0,
        0.0,
        1.0,
        0.0
      ],
      [
        0.0,
        0.0,
        0.0,
        1.0
      ]
    ],
    "T_C0_C1": [
      [
        -0.20574528934802122,
        0.5785479308716938,
        0.7892725559622485,
        -0.03906456841105677
      ],
      [
        -0.17706677795760403,
        0.771207109307609,
        -0.6114629593827532,
        0.033351201433734684
      ],
      [
        -0.9624532362950484,
        -0.26555957191839985,
        -0.05623061183825544,
        0.6088264793774737
      ],
      [
        0.0,
        0.0,
        0.0,
        1.0
      ]
    ],
    "T_C0_C3": [
      [
        -0.7032744680389883,
        0.18585497762513323,
        -0.6861945423102979,
        0.17151208293210507
      ],
      [
        0.17092840584606883,
        0.9811136944550426,
        0.09055053079744516,
        0.04098001763543947
      ],
      [
        0.6900641293962463,
        -0.05360826284015063,
        -0.7217601065976577,
        0.6808312198852443
      ],
      [
        0.0,
        0.0,
        0.0,
        1.0
      ]
    ],
    "T_gripper_cam": [
      [
        0.9998170617550267,
        -0.016767387490135396,
        0.009203137524817828,
        -0.03483042435461865
      ],
      [
        0.009215772942567273,
        0.0006764576695506008,
        -0.9999573050556171,
        -0.049937696278569296
      ],
      [
        0.016760446074496463,
        0.99985918864697,
        0.0008308583555208804,
        -0.09036986976381531
      ],
      [
        0.0,
        0.0,
        0.0,
        1.0
      ]
    ],
    "T_base_O": [
      [
        -0.8211022576846138,
        -0.5537901369365659,
        0.13823012210444577,
        -0.26553739369316093
      ],
      [
        0.5692339998735474,
        -0.7766814933398013,
        0.2697007810359832,
        0.42362586169702116
      ],
      [
        -0.041996854801191905,
        0.30013720551647216,
        0.9529711024220889,
        -0.007351727008600669
      ],
      [
        0.0,
        0.0,
        0.0,
        1.0
      ]
    ],
    "T_base_C0": [
      [
        0.05037050496750823,
        0.18443233583866978,
        -0.9815536285534326,
        0.24764184949032794
      ],
      [
        0.998552646201185,
        -0.02785212434157716,
        0.04600947657028706,
        0.41770779704227723
      ],
      [
        -0.01885271847582394,
        -0.9824504937485418,
        -0.18556832256427258,
        0.1527866303742688
      ],
      [
        0.0,
        0.0,
        0.0,
        1.0
      ]
    ],
    "T_base_C1": [
      [
        0.8496345130791104,
        -0.04200020202175469,
        0.5256968491582917,
        -0.5607865964361177
      ],
      [
        -0.5248040476683884,
        -0.16558675725436092,
        0.8349621173280025,
        -0.028808579945682342
      ],
      [
        0.05197985894266832,
        -0.98530046628027,
        -0.16273009989606463,
        0.13636641086333431
      ],
      [
        0.0,
        0.0,
        0.0,
        1.0
      ]
    ],
    "T_base_C3": [
      [
        -0.43882464972319674,
        0.5056891161931734,
        0.7427728081715707,
        -0.6289463877186039
      ],
      [
        -0.3236633263843918,
        0.6821753373828916,
        -0.6556514777077291,
        0.7845094252684827
      ],
      [
        -0.8382571073060487,
        -0.5281243478862767,
        -0.13568233201338462,
        0.14846266813133974
      ],
      [
        0.0,
        0.0,
        0.0,
        1.0
      ]
    ]
  }
}