{
  "set_joints": [
    42.300046410891085,
    -36.300046410891085,
    -113.59993811881188,
    -180.0,
    30.10001547029703,
    -37.60001547029703
  ],
  "set_tcp": null,
  "set_cube_center": [
    -394.347,
    284.798,
    43.906,
    -10.099928125227612,
    -0.0,
    180.00001984784282
  ],
  "waypoints": [
    {
      "capture_index": 0,
      "capture_joints": [
        45.4060952970297,
        -43.28418935643564,
        -86.79648824257426,
        -192.7342202970297,
        88.13544245049505,
        -170.94082611386136
      ],
      "capture_tcp": [
        -392.399,
        306.7,
        100.601,
        124.9999676282907,
        35.80006461737971,
        160.99999451617106
      ],
      "cube_center_6dof": [
        -399.99,
        310.162,
        110.571,
        124.9999676282907,
        35.80006461737971,
        160.99999451617106
      ],
      "set_index": 0,
      "place_joints": [
        42.300046410891085,
        -36.300046410891085,
        -113.59993811881188,
        -180.0,
        30.10001547029703,
        -37.60001547029703
      ]
    },
    {
      "capture_index": 0,
      "capture_joints": [
        45.4060952970297,
        -43.28418935643564,
        -86.79648824257426,
        -192.7342202970297,
        88.13544245049505,
        -170.94082611386136
      ],
      "capture_tcp": [
        -392.399,
        306.7,
        100.601,
        124.9999676282907,
        35.80006461737971,
        160.99999451617106
      ],
      "cube_center_6dof": [
        -399.99,
        310.162,
        110.571,
        124.9999676282907,
        35.80006461737971,
        160.99999451617106
      ],
      "set_index": 0,
      "place_joints": [
        42.300046410891085,
        -36.300046410891085,
        -113.59993811881188,
        -180.0,
        30.10001547029703,
        -37.60001547029703
      ]
    },
    {
      "capture_index": 0,
      "capture_joints": [
        45.4060952970297,
        -43.28418935643564,
        -86.79648824257426,
        -192.7342202970297,
        88.13544245049505,
        -170.94082611386136
      ],
      "capture_tcp": [
        -392.399,
        306.7,
        100.601,
        124.9999676282907,
        35.80006461737971,
        160.99999451617106
      ],
      "cube_center_6dof": [
        -399.99,
        310.162,
        110.571,
        124.9999676282907,
        35.80006461737971,
        160.99999451617106
      ],
      "set_index": 0,
      "place_joints": [
        42.300046410891085,
        -36.300046410891085,
        -113.59993811881188,
        -180.0,
        30.10001547029703,
        -37.60001547029703
      ]
    }
  ]
}