{
  "set_joints": [
    42.300046410891085,
    -36.300046410891085,
    -113.59993811881188,
    -180.0,
    30.10001547029703,
    -37.60001547029703
  ],
  "set_tcp": null,
  "set_cube_center": [
    -394.347,
    284.798,
    43.906,
    -10.099928125227612,
    -0.0,
    180.00001984784282
  ],
  "waypoints": [
    {
      "capture_index": 0,
      "capture_joints": [
        45.4060952970297,
        -43.28418935643564,
        -86.79648824257426,
        -192.7342202970297,
        88.1352103960396,
        -170.94082611386136
      ],
      "capture_tcp": [
        -392.399,
        306.7,
        100.601,
        124.9999676282907,
        35.80006461737971,
        160.99999451617106
      ],
      "cube_center_6dof": [
        -399.99,
        310.162,
        110.571,
        124.9999676282907,
        35.80006461737971,
        160.99999451617106
      ],
      "set_index": 0,
      "place_joints": [
        42.300046410891085,
        -36.300046410891085,
        -113.59993811881188,
        -180.0,
        30.10001547029703,
        -37.60001547029703
      ]
    },
    {
      "capture_index": 1,
      "capture_joints": [
        44.307549504950494,
        -29.041615099009896,
        -105.51376856435643,
        -193.92976485148512,
        43.61950804455446,
        -160.40648205445544
      ],
      "capture_tcp": [
        -392.40000000000003,
        306.699,
        110.599,
        125.00002492407022,
        -4.199952525647473,
        171.00005609770736
      ],
      "cube_center_6dof": [
        -393.526,
        304.762,
        123.405,
        125.00002492407022,
        -4.199952525647473,
        171.00005609770736
      ],
      "set_index": 0,
      "place_joints": [
        42.300046410891085,
        -36.300046410891085,
        -113.59993811881188,
        -180.0,
        30.10001547029703,
        -37.60001547029703
      ]
    },
    {
      "capture_index": 2,
      "capture_joints": [
        42.357595915841586,
        -29.15253712871287,
        -129.72633044554456,
        -134.8039139851485,
        12.842821782178216,
        -81.0575495049505
      ],
      "capture_tcp": [
        -394.29900000000004,
        284.894,
        70.698,
        -10.099985421007124,
        14.999805893406899,
        179.9998479605043
      ],
      "cube_center_6dof": [
        -390.986,
        284.304,
        83.255,
        -10.099985421007124,
        14.999805893406899,
        179.9998479605043
      ],
      "set_index": 0,
      "place_joints": [
        42.300046410891085,
        -36.300046410891085,
        -113.59993811881188,
        -180.0,
        30.10001547029703,
        -37.60001547029703
      ]
    },
    {
      "capture_index": 3,
      "capture_joints": [
        36.851639851485146,
        -29.719446163366335,
        -131.18015160891088,
        -103.08276608910892,
        36.921488242574256,
        -160.806775990099
      ],
      "capture_tcp": [
        -392.401,
        306.699,
        100.6,
        40.000189030365725,
        35.79989273004117,
        -170.4999785341172
      ],
      "cube_center_6dof": [
        -385.276,
        309.876,
        110.999,
        40.000189030365725,
        35.79989273004117,
        -170.4999785341172
      ],
      "set_index": 0,
      "place_joints": [
        42.300046410891085,
        -36.300046410891085,
        -113.59993811881188,
        -180.0,
        30.10001547029703,
        -37.60001547029703
      ]
    },
    {
      "capture_index": 4,
      "capture_joints": [
        33.64186262376237,
        -34.34916460396039,
        -111.42210705445544,
        -153.0429300742574,
        54.360380569306926,
        -128.1908261138614
      ],
      "capture_tcp": [
        -392.399,
        306.699,
        100.6,
        49.99973494988642,
        25.800003035843403,
        170.9999988019279
      ],
      "cube_center_6dof": [
        -390.365,
        312.287,
        112.161,
        49.99973494988642,
        25.800003035843403,
        170.9999988019279
      ],
      "set_index": 0,
      "place_joints": [
        42.300046410891085,
        -36.300046410891085,
        -113.59993811881188,
        -180.0,
        30.10001547029703,
        -37.60001547029703
      ]
    },
    {
      "capture_index": 5,
      "capture_joints": [
        43.32711943069307,
        -27.307936262376234,
        -134.44446163366334,
        -86.14302289603961,
        26.50154702970297,
        -181.33570544554456
      ],
      "capture_tcp": [
        -392.401,
        306.699,
        100.602,
        50.00002142878399,
        25.799888444284377,
        -158.99985614914888
      ],
      "cube_center_6dof": [
        -385.43699999999995,
        307.75,
        111.529,
        50.00002142878399,
        25.799888444284377,
        -158.99985614914888
      ],
      "set_index": 0,
      "place_joints": [
        42.300046410891085,
        -36.300046410891085,
        -113.59993811881188,
        -180.0,
        30.10001547029703,
        -37.60001547029703
      ]
    },
    {
      "capture_index": 6,
      "capture_joints": [
        33.899907178217816,
        -39.28844368811881,
        -103.0307858910891,
        -159.37546410891088,
        70.74458539603961,
        -146.6790686881188
      ],
      "capture_tcp": [
        -392.40000000000003,
        306.7,
        100.601,
        75.00006079106574,
        35.79995002582069,
        170.99994150614836
      ],
      "cube_center_6dof": [
        -392.42,
        314.481,
        111.015,
        75.00006079106574,
        35.79995002582069,
        170.99994150614836
      ],
      "set_index": 0,
      "place_joints": [
        42.300046410891085,
        -36.300046410891085,
        -113.59993811881188,
        -180.0,
        30.10001547029703,
        -37.60001547029703
      ]
    },
    {
      "capture_index": 7,
      "capture_joints": [
        41.87933168316832,
        -28.811881188118807,
        -127.14565284653465,
        -160.35357363861385,
        6.135287747524752,
        -56.010983910891085
      ],
      "capture_tcp": [
        -392.399,
        286.696,
        70.59899999999999,
        -9.99988969419777,
        15.80005604586612,
        -170.49986394255816
      ],
      "cube_center_6dof": [
        -389.33299999999997,
        283.976,
        82.93599999999999,
        -9.99988969419777,
        15.80005604586612,
        -170.49986394255816
      ],
      "set_index": 0,
      "place_joints": [
        42.300046410891085,
        -36.300046410891085,
        -113.59993811881188,
        -180.0,
        30.10001547029703,
        -37.60001547029703
      ]
    },
    {
      "capture_index": 8,
      "capture_joints": [
        60.08655631188118,
        -55.1066676980198,
        -6.392404084158415,
        -225.40261448019803,
        131.22076113861385,
        115.11571782178218
      ],
      "capture_tcp": [
        -594.148,
        374.271,
        391.656,
        -177.28551770185152,
        35.93287623429104,
        164.05552114182424
      ],
      "cube_center_6dof": [
        -601.306,
        370.35699999999997,
        401.777,
        -177.28551770185152,
        35.93287623429104,
        164.05552114182424
      ],
      "set_index": 0,
      "place_joints": [
        42.300046410891085,
        -36.300046410891085,
        -113.59993811881188,
        -180.0,
        30.10001547029703,
        -37.60001547029703
      ]
    },
    {
      "capture_index": 9,
      "capture_joints": [
        -34.683323019801975,
        -5.043471534653465,
        -119.7090037128713,
        -137.2606745049505,
        77.20985457920791,
        46.75433168316832
      ],
      "capture_tcp": [
        35.808,
        394.32800000000003,
        341.637,
        172.71537714477003,
        -44.06715805176334,
        174.05506706134494
      ],