{
  "set_joints": [
    -10.431311881188119,
    -32.89163056930693,
    -134.8487004950495,
    -181.25054146039602,
    12.75881806930693,
    -79.52134900990099
  ],
  "set_tcp": null,
  "set_cube_center": [
    -35.72,
    353.607,
    18.495,
    -19.687746573167296,
    -0.35236904400545627,
    179.55465975368764
  ],
  "waypoints": [
    {
      "capture_index": 0,
      "capture_joints": [
        -39.27846534653465,
        -23.990253712871286,
        -118.82951732673267,
        -147.74257425742576,
        74.24071782178217,
        -147.32742883663366
      ],
      "capture_tcp": [
        100.12,
        404.942,
        194.863,
        -3.6872698905644126,
        44.64750700245135,
        174.5552019207146
      ],
      "cube_center_6dof": [
        109.27499999999999,
        405.588,
        204.07,
        -3.6872698905644126,
        44.64750700245135,
        174.5552019207146
      ],
      "set_index": 0,
      "place_joints": [
        -10.431311881188119,
        -32.89163056930693,
        -134.8487004950495,
        -181.25054146039602,
        12.75881806930693,
        -79.52134900990099
      ]
    },
    {
      "capture_index": 1,
      "capture_joints": [
        -24.715191831683168,
        -46.414603960396036,
        -79.69701423267327,
        -161.72246287128712,
        95.40060334158416,
        -153.48128094059405
      ],
      "capture_tcp": [
        94.425,
        569.346,
        154.87400000000002,
        31.31237268701754,
        44.6472778193333,
        174.5554311038327
      ],
      "cube_center_6dof": [
        101.554,
        575.126,
        164.08100000000002,
        31.31237268701754,
        44.6472778193333,
        174.5554311038327
      ],
      "set_index": 0,
      "place_joints": [
        -10.431311881188119,
        -32.89163056930693,
        -134.8487004950495,
        -181.25054146039602,
        12.75881806930693,
        -79.52134900990099
      ]
    },
    {
      "capture_index": 2,
      "capture_joints": [
        0.6425587871287128,
        -56.44840655940594,
        -48.61215965346535,
        -183.16127784653463,
        109.8200030940594,
        -177.50750309405942
      ],
      "capture_tcp": [
        -97.718,
        658.941,
        158.932,
        86.31322704748287,
        34.64658598422234,
        174.5559467658483
      ],
      "cube_center_6dof": [
        -98.475,
        666.363,
        169.578,
        86.31322704748287,
        34.64658598422234,
        174.5559467658483
      ],
      "set_index": 0,
      "place_joints": [
        -10.431311881188119,
        -32.89163056930693,
        -134.8487004950495,
        -181.25054146039602,
        12.75881806930693,
        -79.52134900990099
      ]
    },
    {
      "capture_index": 3,
      "capture_joints": [
        19.591893564356432,
        -62.25417698019802,
        -28.542001856435643,
        -197.6198948019802,
        123.26547029702971,
        -247.26353650990094
      ],
      "capture_tcp": [
        -281.142,
        644.232,
        187.855,
        178.36846523042828,
        29.056752439146518,
        -154.53462416435582
      ],
      "cube_center_6dof": [
        -286.68100000000004,
        649.982,
        198.115,
        178.36846523042828,
        29.056752439146518,
        -154.53462416435582
      ],
      "set_index": 0,
      "place_joints": [
        -10.431311881188119,
        -32.89163056930693,
        -134.8487004950495,
        -181.25054146039602,
        12.75881806930693,
        -79.52134900990099
      ]
    },
    {
      "capture_index": 4,
      "capture_joints": [
        45.85836943069307,
        -9.247834158415841,
        -116.01121596534652,
        -224.43610767326732,
        61.15331064356436,
        -51.30840037128713
      ],
      "capture_tcp": [
        -220.297,
        271.175,
        207.867,
        27.435797540941905,
        -35.9055461474633,
        -166.99565406753806
      ],
      "cube_center_6dof": [
        -225.542,
        265.156,
        218.12699999999998,
        27.435797540941905,
        -35.9055461474633,
        -166.99565406753806
      ],
      "set_index": 0,
      "place_joints": [
        -10.431311881188119,
        -32.89163056930693,
        -134.8487004950495,
        -181.25054146039602,
        12.75881806930693,
        -79.52134900990099
      ]
    }
  ]
}