{
  "calibrated_at": "2026-07-02 23:58:15",
  "opencv": "4.9.0",
  "dist_model": "brown_conrady5",
  "board": {
    "squares_x": 11,
    "squares_y": 7,
    "square_length_m": 0.025,
    "marker_length_m": 0.018,
    "dictionary": "DICT_4X4_250",
    "marker_id_start": 5
  },
  "cameras": {
    "0": {
      "serial": "314522062542",
      "is_gripper": false,
      "status": "written",
      "rms_px": 0.3192286995773851,
      "num_views_used": 16,
      "num_views_total": 20,
      "num_dropped": 4,
      "K": [
        [
          592.9288301141803,
          0.0,
          326.2588104578049
        ],
        [
          0.0,
          596.1234557754807,
          258.51552036058183
        ],
        [
          0.0,
          0.0,
          1.0
        ]
      ],
      "D": [
        0.042518014648580855,
        0.0674323507812179,
        0.007469187000517498,
        0.0062286298145017415,
        -0.6078791069707709
      ],
      "factory_K": [
        [
          607.2520141601562,
          0.0,
          318.9479064941406
        ],
        [
          0.0,
          606.2975463867188,
          241.1542205810547
        ],
        [
          0.0,
          0.0,
          1.0
        ]
      ],
      "factory_D": [
        0.0,
        0.0,
        0.0,
        0.0,
        0.0
      ]
    },
    "1": {
      "serial": "319522062138",
      "is_gripper": false,
      "status": "written",
      "rms_px": 0.23320468914667605,
      "num_views_used": 17,
      "num_views_total": 20,
      "num_dropped": 3,
      "K": [
        [
          595.4774937729777,
          0.0,
          322.7639707474648
        ],
        [
          0.0,
          597.9655353404296,
          249.50495198537826
        ],
        [
          0.0,
          0.0,
          1.0
        ]
      ],
      "D": [
        0.05051646275503002,
        0.15919018704827786,
        -0.002043197092800958,
        0.008308592133941216,
        -1.017505871837405
      ],
      "factory_K": [
        [
          605.2404174804688,
          0.0,
          310.0553283691406
        ],
        [
          0.0,
          604.8180541992188,
          248.0302276611328
        ],
        [
          0.0,
          0.0,
          1.0
        ]
      ],
      "factory_D": [
        0.0,
        0.0,
        0.0,
        0.0,
        0.0
      ]
    },
    "2": {
      "serial": "752112070297",
      "is_gripper": true,
      "status": "written",
      "rms_px": 0.25721194728809227,
      "num_views_used": 16,
      "num_views_total": 20,
      "num_dropped": 4,
      "K": [
        [
          602.8791250409025,
          0.0,
          337.6471401302693
        ],
        [
          0.0,
          603.9348337049163,
          236.11858637184764
        ],
        [
          0.0,
          0.0,
          1.0
        ]
      ],
      "D": [
        0.04586111833698206,
        0.1944121401969037,
        -0.0027807329760684138,
        0.008873565309876598,
        -1.1218200966062584
      ],
      "factory_K": [
        [
          615.036865234375,
          0.0,
          326.3418884277344
        ],
        [
          0.0,
          615.1920776367188,
          237.27569580078125
        ],
        [
          0.0,
          0.0,
          1.0
        ]
      ],
      "factory_D": [
        0.0,
        0.0,
        0.0,
        0.0,
        0.0
      ]
    },
    "3": {
      "serial": "912322060991",
      "is_gripper": false,
      "status": "written",
      "rms_px": 0.24216927310652053,
      "num_views_used": 16,
      "num_views_total": 20,
      "num_dropped": 4,
      "K": [
        [
          600.5309036069506,
          0.0,
          322.0172662056423
        ],
        [
          0.0,
          602.7289122481419,
          239.52795524283633
        ],
        [
          0.0,
          0.0,
          1.0
        ]
      ],
      "D": [
        0.0939318773798659,
        -0.06769167854879891,
        -0.003122779114686726,
        -0.000356159728800369,
        -0.519135670191582
      ],
      "factory_K": [
        [
          617.2885131835938,
          0.0,
          324.18182373046875
        ],
        [
          0.0,
          617.0167236328125,
          244.6223602294922
        ],
        [
          0.0,
          0.0,
          1.0
        ]
      ],
      "factory_D": [
        0.0,
        0.0,
        0.0,
        0.0,
        0.0
      ]
    }
  }
}