{
  "meta": {
    "seeds": 30,
    "shots": 30,
    "incidence": 60.0
  },
  "data": {
    "board": {
      "simul": [
        2.6333333333333337,
        0.13877773329774223
      ],
      "coverage": [
        71.82290983167317,
        1.5032174933566904
      ],
      "cam_mm": [
        8.314340163076718,
        2.012815532693172
      ],
      "cam_deg": [
        0.00020629676388562597,
        1.2532300140463676e-07
      ],
      "obj_mm": [
        10.355632531664572,
        2.2046572514005445
      ],
      "n_calib": [
        4.0,
        0.0
      ]
    },
    "board+cube": {
      "simul": [
        4.0,
        0.0
      ],
      "coverage": [
        79.96400982173,
        0.5898272631947593
      ],
      "cam_mm": [
        4.725395169175116,
        0.4268301805498078
      ],
      "cam_deg": [
        0.0002062973630009678,
        1.2513739330546643e-07
      ],
      "obj_mm": [
        6.817044467288493,
        0.38059225229399907
      ],
      "n_calib": [
        4.0,
        0.0
      ]
    }
  }
}