{
  "kind": "noise",
  "xs": [
    2,
    4,
    6,
    10,
    15
  ],
  "curve": {
    "Camera-based": {
      "heldout": [
        0.3903985707458154,
        0.7318027096997841,
        1.072986654609758,
        1.7643488580728444,
        2.62409522565327
      ],
      "gtc": [
        0.11647881717989449,
        0.12901616045736836,
        0.1472809002919125,
        0.18758118368575755,
        0.24916183397580544
      ]
    },
    "FK-based": {
      "heldout": [
        0.40531728988237803,
        0.8111545579736015,
        1.2167317693263828,
        2.0278860802449747,
        3.038893283621655
      ],
      "gtc": [
        0.13034068709801339,
        0.26068138437741983,
        0.3910221188464632,
        0.651703640799534,
        0.9775557225950484
      ]
    },
    "Camera+FK-corr": {
      "heldout": [
        0.06872404779901464,
        0.13594929144710452,
        0.18297059676180497,
        0.30272226860232543,
        0.469993620699118
      ],
      "gtc": [
        0.11647881717989449,
        0.12901616045736836,
        0.1472809002919125,
        0.18758118368575755,
        0.24916183397580544
      ]
    }
  }
}