{
  "meta": {
    "seeds": 30,
    "noise": 6.0,
    "sets": 8,
    "train": 6,
    "keys": [
      "bTf_mm",
      "gTc_mm",
      "consistency_mm",
      "downstream_mm"
    ],
    "methods": [
      "Indep",
      "Indep+fk",
      "1pass",
      "1pass+fk",
      "Joint",
      "Joint+fk"
    ]
  },
  "data": {
    "systematic": {
      "Indep": {
        "bTf_mm": [
          0.7506796240468031,
          0.42234817553047843,
          840
        ],
        "gTc_mm": [
          23.095103208641792,
          11.095176931689558,
          840
        ],
        "consistency_mm": [
          17.93286649145897,
          10.279244678843579,
          840
        ],
        "downstream_mm": [
          4.646580473359928,
          2.1807664689762274,
          840
        ]
      },
      "Indep+fk": {
        "bTf_mm": [
          0.7506796240468031,
          0.42234817553047843,
          840
        ],
        "gTc_mm": [
          23.095103208641792,
          11.095176931689558,
          840
        ],
        "consistency_mm": [
          17.93286649145897,
          10.279244678843579,
          840
        ],
        "downstream_mm": [
          4.727345427968175,
          2.481988358311166,
          840
        ]
      },
      "1pass": {
        "bTf_mm": [
          14.926691711585578,
          7.510837740725701,
          840
        ],
        "gTc_mm": [
          10.173267975494896,
          6.536337429311982,
          840
        ],
        "consistency_mm": [
          3.814846584291915,
          1.6969735571233782,
          840
        ],
        "downstream_mm": [
          9.649926962075822,
          6.079058434684116,
          840
        ]
      },
      "1pass+fk": {
        "bTf_mm": [
          14.926691711585578,
          7.510837740725701,
          840
        ],
        "gTc_mm": [
          10.173267975494896,
          6.536337429311982,
          840
        ],
        "consistency_mm": [
          3.814846584291915,
          1.6969735571233782,
          840
        ],
        "downstream_mm": [
          2.336374571653678,
          1.456557325037667,
          840
        ]
      },
      "Joint": {
        "bTf_mm": [
          0.7705617033673087,
          0.4187277369800858,
          840
        ],
        "gTc_mm": [
          0.1691366707500299,
          0.17078755731903048,
          840
        ],
        "consistency_mm": [
          1.204190946245057,
          0.500948000081367,
          840
        ],
        "downstream_mm": [
          1.718280007429395,
          0.9285495091318825,
          840
        ]
      },
      "Joint+fk": {
        "bTf_mm": [
          0.7705617033673087,
          0.4187277369800858,
          840
        ],
        "gTc_mm": [
          0.1691366707500299,
          0.17078755731903048,
          840
        ],
        "consistency_mm": [
          1.204190946245057,
          0.500948000081367,
          840
        ],
        "downstream_mm": [
          0.3543907213713042,
          0.30396358546589836,
          840
        ]
      }
    }
  }
}